"0","pathway_enrichment |>
  mutate(prop_corr = correlated / (correlated + not_correlated)) |>
  filter(correlated + not_correlated >= 5) |>  # solo pathway con almeno 5 ORF
  arrange(desc(prop_corr)) |>
  select(pathway_name, correlated, not_correlated, prop_corr)
"
"1","[1m[33mError[39m in `select()`:[22m
[33m![39m Can't select columns that don't exist.
[31m✖[39m Column `pathway_name` doesn't exist.
[90mRun `]8;;x-r-run:rlang::last_trace()rlang::last_trace()]8;;` to see where the error occurred.[39m
"
