"0","mt_orfs_all
"
"1","   [1]"
"1"," ""MIGCHONK_00001"""
"1"," ""MIGCHONK_00043"""
"1"," ""MIGCHONK_00057"""
"1"," ""MIGCHONK_00064"""
"1"," ""MIGCHONK_00074"""
"1"," ""MIGCHONK_00078"""
"1"," ""MIGCHONK_00086"""
"1"," ""MIGCHONK_00125"""
"1"," ""MIGCHONK_00150"""
"1"," ""MIGCHONK_00151"""
"1","
"
"1","  [11]"
"1"," ""MIGCHONK_00158"""
"1"," ""MIGCHONK_00170"""
"1"," ""MIGCHONK_00171"""
"1"," ""MIGCHONK_00192"""
"1"," ""MIGCHONK_00226"""
"1"," ""MIGCHONK_00237"""
"1"," ""MIGCHONK_00283"""
"1"," ""MIGCHONK_00306"""
"1"," ""MIGCHONK_00307"""
"1"," ""MIGCHONK_00347"""
"1","
"
"1","  [21]"
"1"," ""MIGCHONK_00363"""
"1"," ""MIGCHONK_00369"""
"1"," ""MIGCHONK_00375"""
"1"," ""MIGCHONK_00399"""
"1"," ""MIGCHONK_00406"""
"1"," ""MIGCHONK_00413"""
"1"," ""MIGCHONK_00414"""
"1"," ""MIGCHONK_00429"""
"1"," ""MIGCHONK_00445"""
"1"," ""MIGCHONK_00460"""
"1","
"
"1","  [31]"
"1"," ""MIGCHONK_00466"""
"1"," ""MIGCHONK_00471"""
"1"," ""MIGCHONK_00487"""
"1"," ""MIGCHONK_00496"""
"1"," ""MIGCHONK_00500"""
"1"," ""MIGCHONK_00522"""
"1"," ""MIGCHONK_00524"""
"1"," ""MIGCHONK_00533"""
"1"," ""MIGCHONK_00566"""
"1"," ""MIGCHONK_00598"""
"1","
"
"1","  [41]"
"1"," ""MIGCHONK_00620"""
"1"," ""MIGCHONK_00637"""
"1"," ""MIGCHONK_00639"""
"1"," ""MIGCHONK_00640"""
"1"," ""MIGCHONK_00656"""
"1"," ""MIGCHONK_00658"""
"1"," ""MIGCHONK_00660"""
"1"," ""MIGCHONK_00683"""
"1"," ""MIGCHONK_00694"""
"1"," ""MIGCHONK_00715"""
"1","
"
"1","  [51]"
"1"," ""MIGCHONK_00754"""
"1"," ""MIGCHONK_00767"""
"1"," ""MIGCHONK_00768"""
"1"," ""MIGCHONK_00790"""
"1"," ""MIGCHONK_00802"""
"1"," ""MIGCHONK_00818"""
"1"," ""MIGCHONK_00839"""
"1"," ""MIGCHONK_00847"""
"1"," ""MIGCHONK_00862"""
"1"," ""MIGCHONK_00866"""
"1","
"
"1","  [61]"
"1"," ""MIGCHONK_00892"""
"1"," ""MIGCHONK_00918"""
"1"," ""MIGCHONK_00922"""
"1"," ""MIGCHONK_00929"""
"1"," ""MIGCHONK_00931"""
"1"," ""MIGCHONK_00932"""
"1"," ""MIGCHONK_00967"""
"1"," ""MIGCHONK_00979"""
"1"," ""MIGCHONK_00980"""
"1"," ""MIGCHONK_00990"""
"1","
"
"1","  [71]"
"1"," ""MIGCHONK_01008"""
"1"," ""MIGCHONK_01009"""
"1"," ""MIGCHONK_01011"""
"1"," ""MIGCHONK_01014"""
"1"," ""MIGCHONK_01015"""
"1"," ""MIGCHONK_01030"""
"1"," ""MIGCHONK_01033"""
"1"," ""MIGCHONK_01060"""
"1"," ""MIGCHONK_01081"""
"1"," ""MIGCHONK_01132"""
"1","
"
"1","  [81]"
"1"," ""MIGCHONK_01152"""
"1"," ""MIGCHONK_01179"""
"1"," ""MIGCHONK_01180"""
"1"," ""MIGCHONK_01193"""
"1"," ""MIGCHONK_01199"""
"1"," ""MIGCHONK_01200"""
"1"," ""MIGCHONK_01215"""
"1"," ""MIGCHONK_01218"""
"1"," ""MIGCHONK_01253"""
"1"," ""MIGCHONK_01255"""
"1","
"
"1","  [91]"
"1"," ""MIGCHONK_01284"""
"1"," ""MIGCHONK_01301"""
"1"," ""MIGCHONK_01317"""
"1"," ""MIGCHONK_01332"""
"1"," ""MIGCHONK_01333"""
"1"," ""MIGCHONK_01344"""
"1"," ""MIGCHONK_01346"""
"1"," ""MIGCHONK_01349"""
"1"," ""MIGCHONK_01450"""
"1"," ""MIGCHONK_01457"""
"1","
"
"1"," [101]"
"1"," ""MIGCHONK_01486"""
"1"," ""MIGCHONK_01488"""
"1"," ""MIGCHONK_01536"""
"1"," ""MIGCHONK_01577"""
"1"," ""MIGCHONK_01602"""
"1"," ""MIGCHONK_01603"""
"1"," ""MIGCHONK_01618"""
"1"," ""MIGCHONK_01624"""
"1"," ""MIGCHONK_01629"""
"1"," ""MIGCHONK_01630"""
"1","
"
"1"," [111]"
"1"," ""MIGCHONK_01658"""
"1"," ""MIGCHONK_01667"""
"1"," ""MIGCHONK_01676"""
"1"," ""MIGCHONK_01677"""
"1"," ""MIGCHONK_01694"""
"1"," ""MIGCHONK_01708"""
"1"," ""MIGCHONK_01778"""
"1"," ""MIGCHONK_01821"""
"1"," ""MIGCHONK_01875"""
"1"," ""MIGCHONK_01897"""
"1","
"
"1"," [121]"
"1"," ""MIGCHONK_01947"""
"1"," ""MIGCHONK_02000"""
"1"," ""MIGCHONK_02027"""
"1"," ""MIGCHONK_02031"""
"1"," ""MIGCHONK_02032"""
"1"," ""MIGCHONK_02033"""
"1"," ""MIGCHONK_02036"""
"1"," ""MIGCHONK_02037"""
"1"," ""MIGCHONK_02058"""
"1"," ""MIGCHONK_02066"""
"1","
"
"1"," [131]"
"1"," ""MIGCHONK_02074"""
"1"," ""MIGCHONK_02124"""
"1"," ""MIGCHONK_02126"""
"1"," ""MIGCHONK_02136"""
"1"," ""MIGCHONK_02165"""
"1"," ""MIGCHONK_02167"""
"1"," ""MIGCHONK_02171"""
"1"," ""MIGCHONK_02202"""
"1"," ""MIGCHONK_02212"""
"1"," ""MIGCHONK_02214"""
"1","
"
"1"," [141]"
"1"," ""MIGCHONK_02220"""
"1"," ""MIGCHONK_02221"""
"1"," ""MIGCHONK_02224"""
"1"," ""MIGCHONK_02225"""
"1"," ""MIGCHONK_02243"""
"1"," ""MIGCHONK_02254"""
"1"," ""MIGCHONK_02257"""
"1"," ""MIGCHONK_02291"""
"1"," ""MIGCHONK_02300"""
"1"," ""MIGCHONK_02302"""
"1","
"
"1"," [151]"
"1"," ""MIGCHONK_02303"""
"1"," ""MIGCHONK_02307"""
"1"," ""MIGCHONK_02319"""
"1"," ""MIGCHONK_02325"""
"1"," ""MIGCHONK_02355"""
"1"," ""MIGCHONK_02364"""
"1"," ""MIGCHONK_02373"""
"1"," ""MIGCHONK_02375"""
"1"," ""MIGCHONK_02380"""
"1"," ""MIGCHONK_02390"""
"1","
"
"1"," [161]"
"1"," ""MIGCHONK_02392"""
"1"," ""MIGCHONK_02393"""
"1"," ""MIGCHONK_02394"""
"1"," ""MIGCHONK_02399"""
"1"," ""MIGCHONK_02400"""
"1"," ""MIGCHONK_02401"""
"1"," ""MIGCHONK_02407"""
"1"," ""MIGCHONK_02409"""
"1"," ""MIGCHONK_02414"""
"1"," ""MIGCHONK_02424"""
"1","
"
"1"," [171]"
"1"," ""MIGCHONK_02431"""
"1"," ""MIGCHONK_02445"""
"1"," ""MIGCHONK_02446"""
"1"," ""MIGCHONK_02451"""
"1"," ""MIGCHONK_02453"""
"1"," ""MIGCHONK_02488"""
"1"," ""MIGCHONK_02489"""
"1"," ""MIGCHONK_02514"""
"1"," ""MIGCHONK_02519"""
"1"," ""MIGCHONK_02529"""
"1","
"
"1"," [181]"
"1"," ""MIGCHONK_02554"""
"1"," ""MIGCHONK_02603"""
"1"," ""MIGCHONK_02609"""
"1"," ""MIGCHONK_02635"""
"1"," ""MIGCHONK_02645"""
"1"," ""MIGCHONK_02676"""
"1"," ""MIGCHONK_02686"""
"1"," ""MIGCHONK_02688"""
"1"," ""MIGCHONK_02693"""
"1"," ""MIGCHONK_02695"""
"1","
"
"1"," [191]"
"1"," ""MIGCHONK_02700"""
"1"," ""MIGCHONK_02706"""
"1"," ""MIGCHONK_02720"""
"1"," ""MIGCHONK_02722"""
"1"," ""MIGCHONK_02763"""
"1"," ""MIGCHONK_02792"""
"1"," ""MIGCHONK_02795"""
"1"," ""MIGCHONK_02796"""
"1"," ""MIGCHONK_02805"""
"1"," ""MIGCHONK_02833"""
"1","
"
"1"," [201]"
"1"," ""MOIBMNHG_00040"""
"1"," ""HGIMHGLO_00473"""
"1"," ""HGIMHGLO_01085"""
"1"," ""HGIMHGLO_01149"""
"1"," ""HGIMHGLO_01344"""
"1"," ""HGIMHGLO_01679"""
"1"," ""HGIMHGLO_02595"""
"1"," ""HGIMHGLO_03399"""
"1"," ""LJBMLOMG_00002"""
"1"," ""LJBMLOMG_00003"""
"1","
"
"1"," [211]"
"1"," ""LJBMLOMG_00004"""
"1"," ""LJBMLOMG_00005"""
"1"," ""LJBMLOMG_00006"""
"1"," ""LJBMLOMG_00007"""
"1"," ""LJBMLOMG_00008"""
"1"," ""LJBMLOMG_00009"""
"1"," ""LJBMLOMG_00010"""
"1"," ""LJBMLOMG_00011"""
"1"," ""LJBMLOMG_00012"""
"1"," ""LJBMLOMG_00013"""
"1","
"
"1"," [221]"
"1"," ""LJBMLOMG_00014"""
"1"," ""LJBMLOMG_00015"""
"1"," ""LJBMLOMG_00016"""
"1"," ""LJBMLOMG_00017"""
"1"," ""LJBMLOMG_00018"""
"1"," ""LJBMLOMG_00019"""
"1"," ""LJBMLOMG_00020"""
"1"," ""LJBMLOMG_00021"""
"1"," ""LJBMLOMG_00022"""
"1"," ""LJBMLOMG_00024"""
"1","
"
"1"," [231]"
"1"," ""LJBMLOMG_00025"""
"1"," ""LJBMLOMG_00026"""
"1"," ""LJBMLOMG_00027"""
"1"," ""LJBMLOMG_00028"""
"1"," ""LJBMLOMG_00029"""
"1"," ""LJBMLOMG_00030"""
"1"," ""LJBMLOMG_00031"""
"1"," ""LJBMLOMG_00032"""
"1"," ""LJBMLOMG_00033"""
"1"," ""LJBMLOMG_00034"""
"1","
"
"1"," [241]"
"1"," ""LJBMLOMG_00036"""
"1"," ""LJBMLOMG_00037"""
"1"," ""LJBMLOMG_00038"""
"1"," ""LJBMLOMG_00039"""
"1"," ""LJBMLOMG_00043"""
"1"," ""LJBMLOMG_00044"""
"1"," ""LJBMLOMG_00045"""
"1"," ""LJBMLOMG_00046"""
"1"," ""LJBMLOMG_00047"""
"1"," ""LJBMLOMG_00048"""
"1","
"
"1"," [251]"
"1"," ""LJBMLOMG_00049"""
"1"," ""LJBMLOMG_00050"""
"1"," ""LJBMLOMG_00051"""
"1"," ""LJBMLOMG_00053"""
"1"," ""LJBMLOMG_00054"""
"1"," ""LJBMLOMG_00055"""
"1"," ""LJBMLOMG_00056"""
"1"," ""LJBMLOMG_00057"""
"1"," ""LJBMLOMG_00058"""
"1"," ""LJBMLOMG_00059"""
"1","
"
"1"," [261]"
"1"," ""LJBMLOMG_00060"""
"1"," ""LJBMLOMG_00061"""
"1"," ""LJBMLOMG_00062"""
"1"," ""LJBMLOMG_00063"""
"1"," ""LJBMLOMG_00064"""
"1"," ""LJBMLOMG_00065"""
"1"," ""LJBMLOMG_00066"""
"1"," ""LJBMLOMG_00067"""
"1"," ""LJBMLOMG_00068"""
"1"," ""LJBMLOMG_00069"""
"1","
"
"1"," [271]"
"1"," ""LJBMLOMG_00070"""
"1"," ""LJBMLOMG_00071"""
"1"," ""LJBMLOMG_00072"""
"1"," ""LJBMLOMG_00073"""
"1"," ""LJBMLOMG_00074"""
"1"," ""LJBMLOMG_00075"""
"1"," ""LJBMLOMG_00076"""
"1"," ""LJBMLOMG_00077"""
"1"," ""LJBMLOMG_00078"""
"1"," ""LJBMLOMG_00079"""
"1","
"
"1"," [281]"
"1"," ""LJBMLOMG_00080"""
"1"," ""LJBMLOMG_00081"""
"1"," ""LJBMLOMG_00082"""
"1"," ""LJBMLOMG_00083"""
"1"," ""LJBMLOMG_00084"""
"1"," ""LJBMLOMG_00085"""
"1"," ""LJBMLOMG_00086"""
"1"," ""LJBMLOMG_00087"""
"1"," ""LJBMLOMG_00088"""
"1"," ""LJBMLOMG_00089"""
"1","
"
"1"," [291]"
"1"," ""LJBMLOMG_00090"""
"1"," ""LJBMLOMG_00091"""
"1"," ""LJBMLOMG_00092"""
"1"," ""LJBMLOMG_00093"""
"1"," ""LJBMLOMG_00094"""
"1"," ""LJBMLOMG_00095"""
"1"," ""LJBMLOMG_00096"""
"1"," ""LJBMLOMG_00097"""
"1"," ""LJBMLOMG_00098"""
"1"," ""LJBMLOMG_00099"""
"1","
"
"1"," [301]"
"1"," ""LJBMLOMG_00100"""
"1"," ""LJBMLOMG_00101"""
"1"," ""LJBMLOMG_00102"""
"1"," ""LJBMLOMG_00103"""
"1"," ""LJBMLOMG_00104"""
"1"," ""LJBMLOMG_00105"""
"1"," ""LJBMLOMG_00107"""
"1"," ""LJBMLOMG_00108"""
"1"," ""LJBMLOMG_00109"""
"1"," ""LJBMLOMG_00110"""
"1","
"
"1"," [311]"
"1"," ""LJBMLOMG_00111"""
"1"," ""LJBMLOMG_00112"""
"1"," ""LJBMLOMG_00113"""
"1"," ""LJBMLOMG_00116"""
"1"," ""LJBMLOMG_00120"""
"1"," ""LJBMLOMG_00121"""
"1"," ""LJBMLOMG_00122"""
"1"," ""LJBMLOMG_00123"""
"1"," ""LJBMLOMG_00124"""
"1"," ""LJBMLOMG_00125"""
"1","
"
"1"," [321]"
"1"," ""LJBMLOMG_00126"""
"1"," ""LJBMLOMG_00127"""
"1"," ""LJBMLOMG_00128"""
"1"," ""LJBMLOMG_00129"""
"1"," ""LJBMLOMG_00130"""
"1"," ""LJBMLOMG_00131"""
"1"," ""LJBMLOMG_00132"""
"1"," ""LJBMLOMG_00133"""
"1"," ""LJBMLOMG_00134"""
"1"," ""LJBMLOMG_00136"""
"1","
"
"1"," [331]"
"1"," ""LJBMLOMG_00137"""
"1"," ""LJBMLOMG_00138"""
"1"," ""LJBMLOMG_00139"""
"1"," ""LJBMLOMG_00140"""
"1"," ""LJBMLOMG_00141"""
"1"," ""LJBMLOMG_00142"""
"1"," ""LJBMLOMG_00143"""
"1"," ""LJBMLOMG_00144"""
"1"," ""LJBMLOMG_00145"""
"1"," ""LJBMLOMG_00146"""
"1","
"
"1"," [341]"
"1"," ""LJBMLOMG_00148"""
"1"," ""LJBMLOMG_00149"""
"1"," ""LJBMLOMG_00150"""
"1"," ""LJBMLOMG_00151"""
"1"," ""LJBMLOMG_00152"""
"1"," ""LJBMLOMG_00153"""
"1"," ""LJBMLOMG_00154"""
"1"," ""LJBMLOMG_00155"""
"1"," ""LJBMLOMG_00156"""
"1"," ""LJBMLOMG_00157"""
"1","
"
"1"," [351]"
"1"," ""LJBMLOMG_00158"""
"1"," ""LJBMLOMG_00159"""
"1"," ""LJBMLOMG_00160"""
"1"," ""LJBMLOMG_00161"""
"1"," ""LJBMLOMG_00162"""
"1"," ""LJBMLOMG_00163"""
"1"," ""LJBMLOMG_00164"""
"1"," ""LJBMLOMG_00169"""
"1"," ""LJBMLOMG_00170"""
"1"," ""LJBMLOMG_00171"""
"1","
"
"1"," [361]"
"1"," ""LJBMLOMG_00172"""
"1"," ""LJBMLOMG_00173"""
"1"," ""LJBMLOMG_00174"""
"1"," ""LJBMLOMG_00175"""
"1"," ""LJBMLOMG_00177"""
"1"," ""LJBMLOMG_00178"""
"1"," ""LJBMLOMG_00179"""
"1"," ""LJBMLOMG_00180"""
"1"," ""LJBMLOMG_00182"""
"1"," ""LJBMLOMG_00183"""
"1","
"
"1"," [371]"
"1"," ""LJBMLOMG_00184"""
"1"," ""LJBMLOMG_00185"""
"1"," ""LJBMLOMG_00186"""
"1"," ""LJBMLOMG_00187"""
"1"," ""LJBMLOMG_00188"""
"1"," ""LJBMLOMG_00189"""
"1"," ""LJBMLOMG_00190"""
"1"," ""LJBMLOMG_00191"""
"1"," ""LJBMLOMG_00192"""
"1"," ""LJBMLOMG_00193"""
"1","
"
"1"," [381]"
"1"," ""LJBMLOMG_00194"""
"1"," ""LJBMLOMG_00195"""
"1"," ""LJBMLOMG_00196"""
"1"," ""LJBMLOMG_00197"""
"1"," ""LJBMLOMG_00198"""
"1"," ""LJBMLOMG_00199"""
"1"," ""LJBMLOMG_00201"""
"1"," ""LJBMLOMG_00205"""
"1"," ""LJBMLOMG_00206"""
"1"," ""LJBMLOMG_00207"""
"1","
"
"1"," [391]"
"1"," ""LJBMLOMG_00208"""
"1"," ""LJBMLOMG_00209"""
"1"," ""LJBMLOMG_00210"""
"1"," ""LJBMLOMG_00211"""
"1"," ""LJBMLOMG_00212"""
"1"," ""LJBMLOMG_00213"""
"1"," ""LJBMLOMG_00214"""
"1"," ""LJBMLOMG_00215"""
"1"," ""LJBMLOMG_00216"""
"1"," ""LJBMLOMG_00217"""
"1","
"
"1"," [401]"
"1"," ""LJBMLOMG_00218"""
"1"," ""LJBMLOMG_00219"""
"1"," ""LJBMLOMG_00220"""
"1"," ""LJBMLOMG_00221"""
"1"," ""LJBMLOMG_00222"""
"1"," ""LJBMLOMG_00223"""
"1"," ""LJBMLOMG_00225"""
"1"," ""LJBMLOMG_00226"""
"1"," ""LJBMLOMG_00227"""
"1"," ""LJBMLOMG_00229"""
"1","
"
"1"," [411]"
"1"," ""LJBMLOMG_00231"""
"1"," ""LJBMLOMG_00232"""
"1"," ""LJBMLOMG_00233"""
"1"," ""LJBMLOMG_00234"""
"1"," ""LJBMLOMG_00235"""
"1"," ""LJBMLOMG_00236"""
"1"," ""LJBMLOMG_00237"""
"1"," ""LJBMLOMG_00238"""
"1"," ""LJBMLOMG_00239"""
"1"," ""LJBMLOMG_00240"""
"1","
"
"1"," [421]"
"1"," ""LJBMLOMG_00241"""
"1"," ""LJBMLOMG_00242"""
"1"," ""LJBMLOMG_00243"""
"1"," ""LJBMLOMG_00244"""
"1"," ""LJBMLOMG_00245"""
"1"," ""LJBMLOMG_00246"""
"1"," ""LJBMLOMG_00247"""
"1"," ""LJBMLOMG_00248"""
"1"," ""LJBMLOMG_00249"""
"1"," ""LJBMLOMG_00250"""
"1","
"
"1"," [431]"
"1"," ""LJBMLOMG_00251"""
"1"," ""LJBMLOMG_00252"""
"1"," ""LJBMLOMG_00253"""
"1"," ""LJBMLOMG_00254"""
"1"," ""LJBMLOMG_00255"""
"1"," ""LJBMLOMG_00258"""
"1"," ""LJBMLOMG_00259"""
"1"," ""LJBMLOMG_00262"""
"1"," ""LJBMLOMG_00263"""
"1"," ""LJBMLOMG_00264"""
"1","
"
"1"," [441]"
"1"," ""LJBMLOMG_00265"""
"1"," ""LJBMLOMG_00266"""
"1"," ""LJBMLOMG_00268"""
"1"," ""LJBMLOMG_00269"""
"1"," ""LJBMLOMG_00271"""
"1"," ""LJBMLOMG_00272"""
"1"," ""LJBMLOMG_00273"""
"1"," ""LJBMLOMG_00275"""
"1"," ""LJBMLOMG_00276"""
"1"," ""LJBMLOMG_00278"""
"1","
"
"1"," [451]"
"1"," ""LJBMLOMG_00279"""
"1"," ""LJBMLOMG_00280"""
"1"," ""LJBMLOMG_00281"""
"1"," ""LJBMLOMG_00282"""
"1"," ""LJBMLOMG_00283"""
"1"," ""LJBMLOMG_00285"""
"1"," ""LJBMLOMG_00286"""
"1"," ""LJBMLOMG_00287"""
"1"," ""LJBMLOMG_00288"""
"1"," ""LJBMLOMG_00290"""
"1","
"
"1"," [461]"
"1"," ""LJBMLOMG_00291"""
"1"," ""LJBMLOMG_00292"""
"1"," ""LJBMLOMG_00293"""
"1"," ""LJBMLOMG_00294"""
"1"," ""LJBMLOMG_00295"""
"1"," ""LJBMLOMG_00296"""
"1"," ""LJBMLOMG_00297"""
"1"," ""LJBMLOMG_00298"""
"1"," ""LJBMLOMG_00299"""
"1"," ""LJBMLOMG_00300"""
"1","
"
"1"," [471]"
"1"," ""LJBMLOMG_00301"""
"1"," ""LJBMLOMG_00302"""
"1"," ""LJBMLOMG_00303"""
"1"," ""LJBMLOMG_00304"""
"1"," ""LJBMLOMG_00305"""
"1"," ""LJBMLOMG_00306"""
"1"," ""LJBMLOMG_00307"""
"1"," ""LJBMLOMG_00308"""
"1"," ""LJBMLOMG_00309"""
"1"," ""LJBMLOMG_00310"""
"1","
"
"1"," [481]"
"1"," ""LJBMLOMG_00311"""
"1"," ""LJBMLOMG_00312"""
"1"," ""LJBMLOMG_00313"""
"1"," ""LJBMLOMG_00314"""
"1"," ""LJBMLOMG_00315"""
"1"," ""LJBMLOMG_00316"""
"1"," ""LJBMLOMG_00317"""
"1"," ""LJBMLOMG_00318"""
"1"," ""LJBMLOMG_00319"""
"1"," ""LJBMLOMG_00320"""
"1","
"
"1"," [491]"
"1"," ""LJBMLOMG_00322"""
"1"," ""LJBMLOMG_00323"""
"1"," ""LJBMLOMG_00324"""
"1"," ""LJBMLOMG_00325"""
"1"," ""LJBMLOMG_00326"""
"1"," ""LJBMLOMG_00327"""
"1"," ""LJBMLOMG_00328"""
"1"," ""LJBMLOMG_00330"""
"1"," ""LJBMLOMG_00331"""
"1"," ""LJBMLOMG_00332"""
"1","
"
"1"," [501]"
"1"," ""LJBMLOMG_00333"""
"1"," ""LJBMLOMG_00334"""
"1"," ""LJBMLOMG_00335"""
"1"," ""LJBMLOMG_00339"""
"1"," ""LJBMLOMG_00340"""
"1"," ""LJBMLOMG_00341"""
"1"," ""LJBMLOMG_00345"""
"1"," ""LJBMLOMG_00347"""
"1"," ""LJBMLOMG_00349"""
"1"," ""LJBMLOMG_00350"""
"1","
"
"1"," [511]"
"1"," ""LJBMLOMG_00351"""
"1"," ""LJBMLOMG_00352"""
"1"," ""LJBMLOMG_00353"""
"1"," ""LJBMLOMG_00354"""
"1"," ""LJBMLOMG_00358"""
"1"," ""LJBMLOMG_00360"""
"1"," ""LJBMLOMG_00361"""
"1"," ""LJBMLOMG_00362"""
"1"," ""LJBMLOMG_00363"""
"1"," ""LJBMLOMG_00364"""
"1","
"
"1"," [521]"
"1"," ""LJBMLOMG_00365"""
"1"," ""LJBMLOMG_00367"""
"1"," ""LJBMLOMG_00368"""
"1"," ""LJBMLOMG_00370"""
"1"," ""LJBMLOMG_00371"""
"1"," ""LJBMLOMG_00372"""
"1"," ""LJBMLOMG_00373"""
"1"," ""LJBMLOMG_00374"""
"1"," ""LJBMLOMG_00375"""
"1"," ""LJBMLOMG_00376"""
"1","
"
"1"," [531]"
"1"," ""LJBMLOMG_00377"""
"1"," ""LJBMLOMG_00378"""
"1"," ""LJBMLOMG_00379"""
"1"," ""LJBMLOMG_00380"""
"1"," ""LJBMLOMG_00381"""
"1"," ""LJBMLOMG_00382"""
"1"," ""LJBMLOMG_00383"""
"1"," ""LJBMLOMG_00385"""
"1"," ""LJBMLOMG_00386"""
"1"," ""LJBMLOMG_00387"""
"1","
"
"1"," [541]"
"1"," ""LJBMLOMG_00388"""
"1"," ""LJBMLOMG_00389"""
"1"," ""LJBMLOMG_00390"""
"1"," ""LJBMLOMG_00391"""
"1"," ""LJBMLOMG_00392"""
"1"," ""LJBMLOMG_00393"""
"1"," ""LJBMLOMG_00394"""
"1"," ""LJBMLOMG_00395"""
"1"," ""LJBMLOMG_00396"""
"1"," ""LJBMLOMG_00397"""
"1","
"
"1"," [551]"
"1"," ""LJBMLOMG_00398"""
"1"," ""LJBMLOMG_00399"""
"1"," ""LJBMLOMG_00400"""
"1"," ""LJBMLOMG_00401"""
"1"," ""LJBMLOMG_00402"""
"1"," ""LJBMLOMG_00403"""
"1"," ""LJBMLOMG_00404"""
"1"," ""LJBMLOMG_00405"""
"1"," ""LJBMLOMG_00406"""
"1"," ""LJBMLOMG_00407"""
"1","
"
"1"," [561]"
"1"," ""LJBMLOMG_00408"""
"1"," ""LJBMLOMG_00409"""
"1"," ""LJBMLOMG_00410"""
"1"," ""LJBMLOMG_00411"""
"1"," ""LJBMLOMG_00412"""
"1"," ""LJBMLOMG_00413"""
"1"," ""LJBMLOMG_00414"""
"1"," ""LJBMLOMG_00415"""
"1"," ""LJBMLOMG_00416"""
"1"," ""LJBMLOMG_00417"""
"1","
"
"1"," [571]"
"1"," ""LJBMLOMG_00418"""
"1"," ""LJBMLOMG_00419"""
"1"," ""LJBMLOMG_00421"""
"1"," ""LJBMLOMG_00422"""
"1"," ""LJBMLOMG_00423"""
"1"," ""LJBMLOMG_00424"""
"1"," ""LJBMLOMG_00425"""
"1"," ""LJBMLOMG_00426"""
"1"," ""LJBMLOMG_00428"""
"1"," ""LJBMLOMG_00431"""
"1","
"
"1"," [581]"
"1"," ""LJBMLOMG_00432"""
"1"," ""LJBMLOMG_00433"""
"1"," ""LJBMLOMG_00434"""
"1"," ""LJBMLOMG_00435"""
"1"," ""LJBMLOMG_00436"""
"1"," ""LJBMLOMG_00437"""
"1"," ""LJBMLOMG_00438"""
"1"," ""LJBMLOMG_00439"""
"1"," ""LJBMLOMG_00440"""
"1"," ""LJBMLOMG_00441"""
"1","
"
"1"," [591]"
"1"," ""LJBMLOMG_00442"""
"1"," ""LJBMLOMG_00443"""
"1"," ""LJBMLOMG_00444"""
"1"," ""LJBMLOMG_00445"""
"1"," ""LJBMLOMG_00446"""
"1"," ""LJBMLOMG_00447"""
"1"," ""LJBMLOMG_00448"""
"1"," ""LJBMLOMG_00449"""
"1"," ""LJBMLOMG_00450"""
"1"," ""LJBMLOMG_00451"""
"1","
"
"1"," [601]"
"1"," ""LJBMLOMG_00452"""
"1"," ""LJBMLOMG_00453"""
"1"," ""LJBMLOMG_00455"""
"1"," ""LJBMLOMG_00456"""
"1"," ""LJBMLOMG_00457"""
"1"," ""LJBMLOMG_00458"""
"1"," ""LJBMLOMG_00459"""
"1"," ""LJBMLOMG_00460"""
"1"," ""LJBMLOMG_00461"""
"1"," ""LJBMLOMG_00462"""
"1","
"
"1"," [611]"
"1"," ""LJBMLOMG_00463"""
"1"," ""LJBMLOMG_00464"""
"1"," ""LJBMLOMG_00466"""
"1"," ""LJBMLOMG_00468"""
"1"," ""LJBMLOMG_00469"""
"1"," ""LJBMLOMG_00470"""
"1"," ""LJBMLOMG_00471"""
"1"," ""LJBMLOMG_00472"""
"1"," ""LJBMLOMG_00473"""
"1"," ""LJBMLOMG_00474"""
"1","
"
"1"," [621]"
"1"," ""LJBMLOMG_00475"""
"1"," ""LJBMLOMG_00476"""
"1"," ""LJBMLOMG_00477"""
"1"," ""LJBMLOMG_00478"""
"1"," ""LJBMLOMG_00479"""
"1"," ""LJBMLOMG_00481"""
"1"," ""LJBMLOMG_00482"""
"1"," ""LJBMLOMG_00483"""
"1"," ""LJBMLOMG_00484"""
"1"," ""LJBMLOMG_00485"""
"1","
"
"1"," [631]"
"1"," ""LJBMLOMG_00486"""
"1"," ""LJBMLOMG_00488"""
"1"," ""LJBMLOMG_00489"""
"1"," ""LJBMLOMG_00490"""
"1"," ""LJBMLOMG_00492"""
"1"," ""LJBMLOMG_00493"""
"1"," ""LJBMLOMG_00494"""
"1"," ""LJBMLOMG_00495"""
"1"," ""LJBMLOMG_00496"""
"1"," ""LJBMLOMG_00497"""
"1","
"
"1"," [641]"
"1"," ""LJBMLOMG_00498"""
"1"," ""LJBMLOMG_00499"""
"1"," ""LJBMLOMG_00500"""
"1"," ""LJBMLOMG_00501"""
"1"," ""LJBMLOMG_00502"""
"1"," ""LJBMLOMG_00503"""
"1"," ""LJBMLOMG_00504"""
"1"," ""LJBMLOMG_00505"""
"1"," ""LJBMLOMG_00506"""
"1"," ""LJBMLOMG_00507"""
"1","
"
"1"," [651]"
"1"," ""LJBMLOMG_00508"""
"1"," ""LJBMLOMG_00509"""
"1"," ""LJBMLOMG_00510"""
"1"," ""LJBMLOMG_00511"""
"1"," ""LJBMLOMG_00513"""
"1"," ""LJBMLOMG_00514"""
"1"," ""LJBMLOMG_00515"""
"1"," ""LJBMLOMG_00516"""
"1"," ""LJBMLOMG_00517"""
"1"," ""LJBMLOMG_00518"""
"1","
"
"1"," [661]"
"1"," ""LJBMLOMG_00519"""
"1"," ""LJBMLOMG_00520"""
"1"," ""LJBMLOMG_00523"""
"1"," ""LJBMLOMG_00524"""
"1"," ""LJBMLOMG_00525"""
"1"," ""LJBMLOMG_00526"""
"1"," ""LJBMLOMG_00527"""
"1"," ""LJBMLOMG_00528"""
"1"," ""LJBMLOMG_00530"""
"1"," ""LJBMLOMG_00531"""
"1","
"
"1"," [671]"
"1"," ""LJBMLOMG_00532"""
"1"," ""LJBMLOMG_00533"""
"1"," ""LJBMLOMG_00535"""
"1"," ""LJBMLOMG_00536"""
"1"," ""LJBMLOMG_00537"""
"1"," ""LJBMLOMG_00538"""
"1"," ""LJBMLOMG_00539"""
"1"," ""LJBMLOMG_00540"""
"1"," ""LJBMLOMG_00542"""
"1"," ""LJBMLOMG_00543"""
"1","
"
"1"," [681]"
"1"," ""LJBMLOMG_00544"""
"1"," ""LJBMLOMG_00545"""
"1"," ""LJBMLOMG_00546"""
"1"," ""LJBMLOMG_00547"""
"1"," ""LJBMLOMG_00548"""
"1"," ""LJBMLOMG_00549"""
"1"," ""LJBMLOMG_00550"""
"1"," ""LJBMLOMG_00551"""
"1"," ""LJBMLOMG_00552"""
"1"," ""LJBMLOMG_00553"""
"1","
"
"1"," [691]"
"1"," ""LJBMLOMG_00555"""
"1"," ""LJBMLOMG_00557"""
"1"," ""LJBMLOMG_00558"""
"1"," ""LJBMLOMG_00559"""
"1"," ""LJBMLOMG_00561"""
"1"," ""LJBMLOMG_00562"""
"1"," ""LJBMLOMG_00563"""
"1"," ""LJBMLOMG_00564"""
"1"," ""LJBMLOMG_00565"""
"1"," ""LJBMLOMG_00567"""
"1","
"
"1"," [701]"
"1"," ""LJBMLOMG_00568"""
"1"," ""LJBMLOMG_00569"""
"1"," ""LJBMLOMG_00570"""
"1"," ""LJBMLOMG_00572"""
"1"," ""LJBMLOMG_00573"""
"1"," ""LJBMLOMG_00574"""
"1"," ""LJBMLOMG_00576"""
"1"," ""LJBMLOMG_00578"""
"1"," ""LJBMLOMG_00579"""
"1"," ""LJBMLOMG_00581"""
"1","
"
"1"," [711]"
"1"," ""LJBMLOMG_00582"""
"1"," ""LJBMLOMG_00583"""
"1"," ""LJBMLOMG_00584"""
"1"," ""LJBMLOMG_00585"""
"1"," ""LJBMLOMG_00586"""
"1"," ""LJBMLOMG_00587"""
"1"," ""LJBMLOMG_00588"""
"1"," ""LJBMLOMG_00589"""
"1"," ""LJBMLOMG_00590"""
"1"," ""LJBMLOMG_00591"""
"1","
"
"1"," [721]"
"1"," ""LJBMLOMG_00592"""
"1"," ""LJBMLOMG_00593"""
"1"," ""LJBMLOMG_00594"""
"1"," ""LJBMLOMG_00595"""
"1"," ""LJBMLOMG_00596"""
"1"," ""LJBMLOMG_00597"""
"1"," ""LJBMLOMG_00598"""
"1"," ""LJBMLOMG_00599"""
"1"," ""LJBMLOMG_00600"""
"1"," ""LJBMLOMG_00601"""
"1","
"
"1"," [731]"
"1"," ""LJBMLOMG_00602"""
"1"," ""LJBMLOMG_00603"""
"1"," ""LJBMLOMG_00605"""
"1"," ""LJBMLOMG_00606"""
"1"," ""LJBMLOMG_00607"""
"1"," ""LJBMLOMG_00608"""
"1"," ""LJBMLOMG_00611"""
"1"," ""LJBMLOMG_00612"""
"1"," ""LJBMLOMG_00613"""
"1"," ""LJBMLOMG_00614"""
"1","
"
"1"," [741]"
"1"," ""LJBMLOMG_00615"""
"1"," ""LJBMLOMG_00616"""
"1"," ""LJBMLOMG_00617"""
"1"," ""LJBMLOMG_00618"""
"1"," ""LJBMLOMG_00619"""
"1"," ""LJBMLOMG_00620"""
"1"," ""LJBMLOMG_00621"""
"1"," ""LJBMLOMG_00622"""
"1"," ""LJBMLOMG_00623"""
"1"," ""LJBMLOMG_00624"""
"1","
"
"1"," [751]"
"1"," ""LJBMLOMG_00625"""
"1"," ""LJBMLOMG_00626"""
"1"," ""LJBMLOMG_00627"""
"1"," ""LJBMLOMG_00628"""
"1"," ""LJBMLOMG_00629"""
"1"," ""LJBMLOMG_00630"""
"1"," ""LJBMLOMG_00631"""
"1"," ""LJBMLOMG_00632"""
"1"," ""LJBMLOMG_00633"""
"1"," ""LJBMLOMG_00634"""
"1","
"
"1"," [761]"
"1"," ""LJBMLOMG_00635"""
"1"," ""LJBMLOMG_00636"""
"1"," ""LJBMLOMG_00637"""
"1"," ""LJBMLOMG_00638"""
"1"," ""LJBMLOMG_00643"""
"1"," ""LJBMLOMG_00644"""
"1"," ""LJBMLOMG_00645"""
"1"," ""LJBMLOMG_00646"""
"1"," ""LJBMLOMG_00647"""
"1"," ""LJBMLOMG_00648"""
"1","
"
"1"," [771]"
"1"," ""LJBMLOMG_00649"""
"1"," ""LJBMLOMG_00650"""
"1"," ""LJBMLOMG_00651"""
"1"," ""LJBMLOMG_00652"""
"1"," ""LJBMLOMG_00653"""
"1"," ""LJBMLOMG_00654"""
"1"," ""LJBMLOMG_00656"""
"1"," ""LJBMLOMG_00657"""
"1"," ""LJBMLOMG_00658"""
"1"," ""LJBMLOMG_00659"""
"1","
"
"1"," [781]"
"1"," ""LJBMLOMG_00660"""
"1"," ""LJBMLOMG_00661"""
"1"," ""LJBMLOMG_00662"""
"1"," ""LJBMLOMG_00663"""
"1"," ""LJBMLOMG_00664"""
"1"," ""LJBMLOMG_00665"""
"1"," ""LJBMLOMG_00668"""
"1"," ""LJBMLOMG_00669"""
"1"," ""LJBMLOMG_00670"""
"1"," ""LJBMLOMG_00671"""
"1","
"
"1"," [791]"
"1"," ""LJBMLOMG_00672"""
"1"," ""LJBMLOMG_00673"""
"1"," ""LJBMLOMG_00674"""
"1"," ""LJBMLOMG_00676"""
"1"," ""LJBMLOMG_00677"""
"1"," ""LJBMLOMG_00678"""
"1"," ""LJBMLOMG_00679"""
"1"," ""LJBMLOMG_00681"""
"1"," ""LJBMLOMG_00682"""
"1"," ""LJBMLOMG_00683"""
"1","
"
"1"," [801]"
"1"," ""LJBMLOMG_00684"""
"1"," ""LJBMLOMG_00685"""
"1"," ""LJBMLOMG_00686"""
"1"," ""LJBMLOMG_00687"""
"1"," ""LJBMLOMG_00688"""
"1"," ""LJBMLOMG_00689"""
"1"," ""LJBMLOMG_00690"""
"1"," ""LJBMLOMG_00691"""
"1"," ""LJBMLOMG_00692"""
"1"," ""LJBMLOMG_00693"""
"1","
"
"1"," [811]"
"1"," ""LJBMLOMG_00694"""
"1"," ""LJBMLOMG_00695"""
"1"," ""LJBMLOMG_00696"""
"1"," ""LJBMLOMG_00697"""
"1"," ""LJBMLOMG_00698"""
"1"," ""LJBMLOMG_00699"""
"1"," ""LJBMLOMG_00700"""
"1"," ""LJBMLOMG_00701"""
"1"," ""LJBMLOMG_00702"""
"1"," ""LJBMLOMG_00703"""
"1","
"
"1"," [821]"
"1"," ""LJBMLOMG_00704"""
"1"," ""LJBMLOMG_00705"""
"1"," ""LJBMLOMG_00706"""
"1"," ""LJBMLOMG_00707"""
"1"," ""LJBMLOMG_00709"""
"1"," ""LJBMLOMG_00710"""
"1"," ""LJBMLOMG_00711"""
"1"," ""LJBMLOMG_00712"""
"1"," ""LJBMLOMG_00713"""
"1"," ""LJBMLOMG_00714"""
"1","
"
"1"," [831]"
"1"," ""LJBMLOMG_00715"""
"1"," ""LJBMLOMG_00716"""
"1"," ""LJBMLOMG_00717"""
"1"," ""LJBMLOMG_00718"""
"1"," ""LJBMLOMG_00719"""
"1"," ""LJBMLOMG_00720"""
"1"," ""LJBMLOMG_00721"""
"1"," ""LJBMLOMG_00722"""
"1"," ""LJBMLOMG_00723"""
"1"," ""LJBMLOMG_00724"""
"1","
"
"1"," [841]"
"1"," ""LJBMLOMG_00725"""
"1"," ""LJBMLOMG_00726"""
"1"," ""LJBMLOMG_00727"""
"1"," ""LJBMLOMG_00728"""
"1"," ""LJBMLOMG_00729"""
"1"," ""LJBMLOMG_00730"""
"1"," ""LJBMLOMG_00731"""
"1"," ""LJBMLOMG_00732"""
"1"," ""LJBMLOMG_00733"""
"1"," ""LJBMLOMG_00734"""
"1","
"
"1"," [851]"
"1"," ""LJBMLOMG_00735"""
"1"," ""LJBMLOMG_00736"""
"1"," ""LJBMLOMG_00737"""
"1"," ""LJBMLOMG_00738"""
"1"," ""LJBMLOMG_00739"""
"1"," ""LJBMLOMG_00740"""
"1"," ""LJBMLOMG_00741"""
"1"," ""LJBMLOMG_00742"""
"1"," ""LJBMLOMG_00743"""
"1"," ""LJBMLOMG_00744"""
"1","
"
"1"," [861]"
"1"," ""LJBMLOMG_00745"""
"1"," ""LJBMLOMG_00746"""
"1"," ""LJBMLOMG_00747"""
"1"," ""LJBMLOMG_00748"""
"1"," ""LJBMLOMG_00749"""
"1"," ""LJBMLOMG_00750"""
"1"," ""LJBMLOMG_00751"""
"1"," ""LJBMLOMG_00752"""
"1"," ""LJBMLOMG_00753"""
"1"," ""LJBMLOMG_00754"""
"1","
"
"1"," [871]"
"1"," ""LJBMLOMG_00755"""
"1"," ""LJBMLOMG_00756"""
"1"," ""LJBMLOMG_00757"""
"1"," ""LJBMLOMG_00758"""
"1"," ""LJBMLOMG_00759"""
"1"," ""LJBMLOMG_00760"""
"1"," ""LJBMLOMG_00762"""
"1"," ""LJBMLOMG_00763"""
"1"," ""LJBMLOMG_00764"""
"1"," ""LJBMLOMG_00765"""
"1","
"
"1"," [881]"
"1"," ""LJBMLOMG_00766"""
"1"," ""LJBMLOMG_00767"""
"1"," ""LJBMLOMG_00768"""
"1"," ""LJBMLOMG_00769"""
"1"," ""LJBMLOMG_00770"""
"1"," ""LJBMLOMG_00771"""
"1"," ""LJBMLOMG_00772"""
"1"," ""LJBMLOMG_00773"""
"1"," ""LJBMLOMG_00774"""
"1"," ""LJBMLOMG_00775"""
"1","
"
"1"," [891]"
"1"," ""LJBMLOMG_00776"""
"1"," ""LJBMLOMG_00777"""
"1"," ""LJBMLOMG_00778"""
"1"," ""LJBMLOMG_00779"""
"1"," ""LJBMLOMG_00780"""
"1"," ""LJBMLOMG_00782"""
"1"," ""LJBMLOMG_00783"""
"1"," ""LJBMLOMG_00784"""
"1"," ""LJBMLOMG_00785"""
"1"," ""LJBMLOMG_00786"""
"1","
"
"1"," [901]"
"1"," ""LJBMLOMG_00787"""
"1"," ""LJBMLOMG_00788"""
"1"," ""LJBMLOMG_00790"""
"1"," ""LJBMLOMG_00791"""
"1"," ""LJBMLOMG_00792"""
"1"," ""LJBMLOMG_00793"""
"1"," ""LJBMLOMG_00794"""
"1"," ""LJBMLOMG_00795"""
"1"," ""LJBMLOMG_00796"""
"1"," ""LJBMLOMG_00797"""
"1","
"
"1"," [911]"
"1"," ""LJBMLOMG_00798"""
"1"," ""LJBMLOMG_00799"""
"1"," ""LJBMLOMG_00800"""
"1"," ""LJBMLOMG_00801"""
"1"," ""LJBMLOMG_00802"""
"1"," ""LJBMLOMG_00803"""
"1"," ""LJBMLOMG_00804"""
"1"," ""LJBMLOMG_00805"""
"1"," ""LJBMLOMG_00806"""
"1"," ""LJBMLOMG_00807"""
"1","
"
"1"," [921]"
"1"," ""LJBMLOMG_00808"""
"1"," ""LJBMLOMG_00809"""
"1"," ""LJBMLOMG_00810"""
"1"," ""LJBMLOMG_00811"""
"1"," ""LJBMLOMG_00812"""
"1"," ""LJBMLOMG_00813"""
"1"," ""LJBMLOMG_00814"""
"1"," ""LJBMLOMG_00815"""
"1"," ""LJBMLOMG_00816"""
"1"," ""LJBMLOMG_00817"""
"1","
"
"1"," [931]"
"1"," ""LJBMLOMG_00818"""
"1"," ""LJBMLOMG_00819"""
"1"," ""LJBMLOMG_00820"""
"1"," ""LJBMLOMG_00821"""
"1"," ""LJBMLOMG_00822"""
"1"," ""LJBMLOMG_00823"""
"1"," ""LJBMLOMG_00824"""
"1"," ""LJBMLOMG_00825"""
"1"," ""LJBMLOMG_00827"""
"1"," ""LJBMLOMG_00828"""
"1","
"
"1"," [941]"
"1"," ""LJBMLOMG_00829"""
"1"," ""LJBMLOMG_00830"""
"1"," ""LJBMLOMG_00833"""
"1"," ""LJBMLOMG_00834"""
"1"," ""LJBMLOMG_00835"""
"1"," ""LJBMLOMG_00836"""
"1"," ""LJBMLOMG_00838"""
"1"," ""LJBMLOMG_00841"""
"1"," ""LJBMLOMG_00842"""
"1"," ""LJBMLOMG_00843"""
"1","
"
"1"," [951]"
"1"," ""LJBMLOMG_00844"""
"1"," ""LJBMLOMG_00845"""
"1"," ""LJBMLOMG_00846"""
"1"," ""LJBMLOMG_00847"""
"1"," ""LJBMLOMG_00848"""
"1"," ""LJBMLOMG_00849"""
"1"," ""LJBMLOMG_00850"""
"1"," ""LJBMLOMG_00851"""
"1"," ""LJBMLOMG_00852"""
"1"," ""LJBMLOMG_00853"""
"1","
"
"1"," [961]"
"1"," ""LJBMLOMG_00854"""
"1"," ""LJBMLOMG_00855"""
"1"," ""LJBMLOMG_00856"""
"1"," ""LJBMLOMG_00857"""
"1"," ""LJBMLOMG_00858"""
"1"," ""LJBMLOMG_00859"""
"1"," ""LJBMLOMG_00860"""
"1"," ""LJBMLOMG_00861"""
"1"," ""LJBMLOMG_00862"""
"1"," ""LJBMLOMG_00863"""
"1","
"
"1"," [971]"
"1"," ""LJBMLOMG_00864"""
"1"," ""LJBMLOMG_00866"""
"1"," ""LJBMLOMG_00867"""
"1"," ""LJBMLOMG_00868"""
"1"," ""LJBMLOMG_00871"""
"1"," ""LJBMLOMG_00872"""
"1"," ""LJBMLOMG_00873"""
"1"," ""LJBMLOMG_00874"""
"1"," ""LJBMLOMG_00875"""
"1"," ""LJBMLOMG_00877"""
"1","
"
"1"," [981]"
"1"," ""LJBMLOMG_00878"""
"1"," ""LJBMLOMG_00879"""
"1"," ""LJBMLOMG_00880"""
"1"," ""LJBMLOMG_00881"""
"1"," ""LJBMLOMG_00882"""
"1"," ""LJBMLOMG_00884"""
"1"," ""LJBMLOMG_00885"""
"1"," ""LJBMLOMG_00886"""
"1"," ""LJBMLOMG_00888"""
"1"," ""LJBMLOMG_00890"""
"1","
"
"1"," [991]"
"1"," ""LJBMLOMG_00891"""
"1"," ""LJBMLOMG_00892"""
"1"," ""LJBMLOMG_00893"""
"1"," ""LJBMLOMG_00894"""
"1"," ""LJBMLOMG_00895"""
"1"," ""LJBMLOMG_00896"""
"1"," ""LJBMLOMG_00897"""
"1"," ""LJBMLOMG_00898"""
"1"," ""LJBMLOMG_00900"""
"1"," ""LJBMLOMG_00901"""
"1","
"
"1"," [ reached 'max' / getOption(""max.print"") -- omitted 1019993 entries ]
"
